model,scenario,category,netzero_co2_year,cum_co2_2020_2024_gt,cum_co2e_2020_2024_gt,ratio_2020_2024
AIM/CGE 2.0,SSP1-26,C3,,176.668,236.973,1.3413
AIM/CGE 2.0,SSP4-26,C3,2083.0,211.777,275.915,1.3029
AIM/CGE 2.1,CD-LINKS_NDC2030i_1000,C4,2056.3,192.473,264.988,1.3768
AIM/CGE 2.1,CD-LINKS_NPi2020_1000,C3,2063.1,175.707,234.997,1.3374
AIM/CGE 2.1,CO_Bridge,C3,,184.76,247.287,1.3384
AIM/CGE 2.2,EN_INDCi2030_1000f,C3,2066.3,210.214,281.366,1.3385
AIM/CGE 2.2,EN_INDCi2030_1200,C4,2070.0,210.214,281.366,1.3385
AIM/CGE 2.2,EN_INDCi2030_1200f,C4,2072.0,210.214,281.366,1.3385
AIM/CGE 2.2,EN_INDCi2030_1400,C4,2075.0,210.214,281.366,1.3385
AIM/CGE 2.2,EN_INDCi2030_1400f,C4,2078.2,210.214,281.366,1.3385
AIM/CGE 2.2,EN_INDCi2030_800f,C3,2059.4,210.214,281.366,1.3385
AIM/CGE 2.2,EN_INDCi2030_900f,C3,2063.0,210.214,281.366,1.3385
AIM/CGE 2.2,EN_NPi2020_1000,C3,2070.0,186.709,251.043,1.3446
AIM/CGE 2.2,EN_NPi2020_1000f,C3,2073.4,189.453,254.298,1.3423
AIM/CGE 2.2,EN_NPi2020_1200,C3,2075.0,189.019,253.781,1.3426
AIM/CGE 2.2,EN_NPi2020_1200f,C4,2077.5,191.528,256.768,1.3406
AIM/CGE 2.2,EN_NPi2020_1400,C4,2080.0,192.193,257.453,1.3396
AIM/CGE 2.2,EN_NPi2020_1400f,C4,2080.9,193.217,258.681,1.3388
AIM/CGE 2.2,EN_NPi2020_700,C3,2060.0,185.875,250.059,1.3453
AIM/CGE 2.2,EN_NPi2020_700f,C3,2066.1,186.524,250.824,1.3447
AIM/CGE 2.2,EN_NPi2020_800,C3,2060.0,185.875,250.059,1.3453
AIM/CGE 2.2,EN_NPi2020_800f,C3,2068.7,187.338,251.782,1.344
AIM/CGE 2.2,EN_NPi2020_900,C3,2065.0,185.968,250.168,1.3452
AIM/CGE 2.2,EN_NPi2020_900f,C3,2071.0,188.375,253.017,1.3432
AIM/Hub-Global 2.0,WB2C,C3,2078.1,188.897,250.103,1.324
COFFEE 1.1,CO_2Deg2020,C4,2065.7,180.544,250.215,1.3859
COFFEE 1.1,CO_2Deg2030,C4,2065.4,185.959,256.127,1.3773
COFFEE 1.1,CO_Bridge,C3,2069.5,165.805,235.257,1.4189
COFFEE 1.1,EN_INDCi2030_1000,C4,,185.959,255.666,1.3748
COFFEE 1.1,EN_INDCi2030_1000_NDCp,C4,,183.776,249.364,1.3569
COFFEE 1.1,EN_INDCi2030_1200,C4,,185.959,255.666,1.3748
COFFEE 1.1,EN_INDCi2030_500,C3,,185.959,255.666,1.3748
COFFEE 1.1,EN_INDCi2030_600,C3,,185.959,255.666,1.3748
COFFEE 1.1,EN_INDCi2030_600_NDCp,C3,,183.776,249.364,1.3569
COFFEE 1.1,EN_INDCi2030_600f,C4,2065.2,185.959,255.666,1.3748
COFFEE 1.1,EN_INDCi2030_700,C3,,185.959,255.666,1.3748
COFFEE 1.1,EN_INDCi2030_700f,C4,2066.9,185.959,255.666,1.3748
COFFEE 1.1,EN_INDCi2030_800,C3,,185.959,255.666,1.3748
COFFEE 1.1,EN_INDCi2030_800f,C4,2068.7,185.959,255.666,1.3748
COFFEE 1.1,EN_INDCi2030_900,C3,,185.959,255.666,1.3748
COFFEE 1.1,EN_INDCi2030_900f,C4,2070.9,185.959,255.666,1.3748
COFFEE 1.1,EN_NPi2020_1000,C4,,179.075,248.27,1.3864
COFFEE 1.1,EN_NPi2020_1200,C4,,182.02,251.263,1.3804
COFFEE 1.1,EN_NPi2020_400_lowBECCS,C3,,147.789,215.201,1.4561
COFFEE 1.1,EN_NPi2020_400f_lowBECCS,C3,2059.3,170.88,238.269,1.3944
COFFEE 1.1,EN_NPi2020_500,C3,,159.183,226.125,1.4205
COFFEE 1.1,EN_NPi2020_600,C3,,165.157,234.018,1.4169
COFFEE 1.1,EN_NPi2020_600f,C4,2065.7,180.544,249.759,1.3834
COFFEE 1.1,EN_NPi2020_700,C3,,167.876,236.765,1.4104
COFFEE 1.1,EN_NPi2020_700f,C4,2067.2,181.583,250.807,1.3812
COFFEE 1.1,EN_NPi2020_800,C3,,171.692,240.606,1.4014
COFFEE 1.1,EN_NPi2020_800f,C4,2068.8,182.253,251.497,1.3799
COFFEE 1.1,EN_NPi2020_900,C3,,175.937,245.002,1.3926
COFFEE 1.1,EN_NPi2020_900f,C4,2070.7,184.414,253.724,1.3758
EPPA 6,2CNow_Gradual,C4,,194.57,256.963,1.3207
EPPA 6,Paris1.5C_OptTax,C3,,206.965,277.666,1.3416
EPPA 6,Paris2C_Gradual,C4,,206.215,276.914,1.3428
EPPA 6,Paris2C_OptTax,C4,,206.215,276.914,1.3428
GCAM 5.2,"NGFS1_Immediate 2C with CDR (Orderly, Rep)",C4,2057.8,183.481,251.896,1.3729
GCAM 5.3,NGFS2_Delayed Transition,C4,2056.3,211.547,294.841,1.3937
GCAM 5.3,R_MAC_35_n0,C3,2035.0,164.167,225.194,1.3717
GCAM 5.3,R_MAC_40_n0,C3,2040.0,172.212,233.82,1.3577
GCAM 5.3,R_MAC_45_n0,C3,2045.0,177.039,239.056,1.3503
GCAM 5.3,R_MAC_50_n0,C3,2050.0,180.257,242.568,1.3457
GCAM 5.3,R_MAC_55_n0,C3,2055.0,182.556,245.082,1.3425
GCAM 5.3,R_MAC_60_n0,C3,2060.0,184.28,246.973,1.3402
GCAM 5.3,R_MAC_65_n0,C3,2065.0,185.62,248.445,1.3385
GCAM 5.3,R_MAC_65_n8,C3,2057.3,183.398,246.006,1.3414
GCAM 5.3,R_MAC_70_n0,C4,2070.0,186.693,249.625,1.3371
GCAM 5.3,R_MAC_70_n8,C3,2061.4,184.693,247.426,1.3397
GCAM 5.3,R_MAC_75_n0,C4,2075.0,187.571,250.591,1.336
GCAM 5.3,R_MAC_75_n8,C3,2065.6,185.752,248.591,1.3383
GCAM 5.3,R_MAC_80_n0,C4,2080.0,188.302,251.397,1.3351
GCAM 5.3,R_MAC_80_n8,C4,2069.7,186.636,249.562,1.3372
GCAM 5.3,R_MAC_85_n8,C4,2073.8,187.382,250.384,1.3362
GCAM 5.3,R_MAC_90_n8,C4,2078.0,188.023,251.089,1.3354
GCAM 5.3,R_MAC_95_n8,C4,2082.1,188.578,251.7,1.3347
GCAM 5.3,SSP_SSP2,C3,2053.1,178.469,239.723,1.3432
GCAM 5.3,SSP_SSP5,C3,2053.1,178.508,240.119,1.3451
GEM-E3_V2021,EN_INDCi2030_1000,C3,2070.0,210.597,282.768,1.3427
GEM-E3_V2021,EN_INDCi2030_1000_COV,C3,2070.0,200.889,268.314,1.3356
GEM-E3_V2021,EN_INDCi2030_1000_COV_NDCp,C3,2075.0,198.085,264.928,1.3374
GEM-E3_V2021,EN_INDCi2030_1000_NDCp,C3,,208.992,280.668,1.343
GEM-E3_V2021,EN_INDCi2030_1000f,C4,2071.1,210.597,282.768,1.3427
GEM-E3_V2021,EN_INDCi2030_1000f_COV,C3,2072.0,200.889,268.314,1.3356
GEM-E3_V2021,EN_INDCi2030_1000f_COV_NDCp,C3,2072.4,198.085,264.928,1.3374
GEM-E3_V2021,EN_INDCi2030_1000f_NDCp,C4,2071.0,208.992,280.668,1.343
GEM-E3_V2021,EN_INDCi2030_1400,C4,2095.0,210.597,282.768,1.3427
GEM-E3_V2021,EN_INDCi2030_1400f,C4,2090.5,210.597,282.768,1.3427
GEM-E3_V2021,EN_INDCi2030_800,C3,2055.8,210.597,282.768,1.3427
GEM-E3_V2021,EN_NPi2020_1000,C3,2075.0,200.906,270.833,1.3481
GEM-E3_V2021,EN_NPi2020_1000_COV,C3,2075.0,190.978,256.457,1.3429
GEM-E3_V2021,EN_NPi2020_1000f,C4,2072.8,201.916,272.057,1.3474
GEM-E3_V2021,EN_NPi2020_1000f_COV,C3,2073.9,192.205,257.915,1.3419
GEM-E3_V2021,EN_NPi2020_1400f,C4,2091.7,204.867,275.397,1.3443
GEM-E3_V2021,EN_NPi2020_800,C3,2065.0,194.806,263.369,1.352
GEM-E3_V2021,EN_NPi2020_800f,C3,2067.4,200.555,270.184,1.3472
IMAGE 3.0,CO_2Deg2020,C3,2077.1,197.09,266.87,1.3541
IMAGE 3.0,CO_2Deg2030,C3,2069.0,206.31,280.051,1.3574
IMAGE 3.0,CO_Bridge,C3,2060.0,198.87,268.319,1.3492
IMAGE 3.0,EN_INDCi2030_1000,C4,2098.3,207.498,280.981,1.3541
IMAGE 3.0,EN_INDCi2030_1000f,C4,2068.0,207.65,281.077,1.3536
IMAGE 3.0,EN_INDCi2030_1200,C4,2089.0,207.458,279.309,1.3463
IMAGE 3.0,EN_INDCi2030_1200f,C4,2075.3,207.569,275.486,1.3272
IMAGE 3.0,EN_INDCi2030_1400f,C4,2083.2,207.569,275.486,1.3272
IMAGE 3.0,EN_INDCi2030_800f,C3,2064.2,207.518,281.573,1.3569
IMAGE 3.0,EN_NPi2020_1000,C3,2090.8,207.275,278.739,1.3448
IMAGE 3.0,EN_NPi2020_1000f,C3,2078.0,205.444,272.515,1.3265
IMAGE 3.0,EN_NPi2020_1200,C4,2089.9,209.614,281.897,1.3448
IMAGE 3.0,EN_NPi2020_1200f,C4,2084.1,206.216,273.443,1.326
IMAGE 3.0,EN_NPi2020_1400,C4,2095.4,210.005,282.746,1.3464
IMAGE 3.0,EN_NPi2020_1400f,C4,2087.4,207.422,274.886,1.3252
IMAGE 3.0,EN_NPi2020_600f,C3,2058.8,205.425,276.809,1.3475
IMAGE 3.0,EN_NPi2020_800,C3,2087.2,205.129,276.316,1.347
IMAGE 3.0,EN_NPi2020_800f,C3,2069.6,205.484,276.848,1.3473
IMAGE 3.0.1,CD-LINKS_INDC2030i_1600,C4,2095.3,200.952,272.851,1.3578
IMAGE 3.0.1,CD-LINKS_NDC2030i_1000,C3,2068.8,198.969,271.384,1.3639
IMAGE 3.0.1,CD-LINKS_NPi2020_1000,C3,2072.8,191.43,261.042,1.3636
IMAGE 3.0.1,CD-LINKS_NPi2020_1600,C4,2091.3,195.272,265.631,1.3603
IMAGE 3.0.1,EMF30_ClimPolicy,C3,2079.1,176.357,228.105,1.2934
IMAGE 3.0.1,EMF30_ClimPolicy+SLCF,C3,2079.8,176.387,228.116,1.2933
IMAGE 3.0.1,EMF30_Slower-to-faster,C4,2072.6,197.011,262.241,1.3311
IMAGE 3.0.1,EMF30_Slower-to-faster+SLCF,C3,2073.3,197.04,249.307,1.2653
IMAGE 3.0.1,EMF30_Slower-to-faster+SLCF+HFC,C3,2073.7,197.023,249.289,1.2653
IMAGE 3.0.1,SSP1-26,C3,2076.2,186.375,245.045,1.3148
IMAGE 3.0.1,SSP2-26,C3,2068.6,185.074,248.518,1.3428
IMAGE 3.0.1,SSP4-26,C3,2069.5,174.361,238.533,1.368
IMAGE 3.0.2,EMF33_Med2C_nobeccs,C4,,194.126,255.223,1.3147
IMAGE 3.0.2,EMF33_Med2C_nofuel,C4,,198.327,259.873,1.3103
IMAGE 3.0.2,EMF33_Med2C_none,C4,,195.589,256.821,1.3131
IMAGE 3.0.2,EMF33_WB2C_cost100,C3,2086.8,191.732,252.566,1.3173
IMAGE 3.0.2,EMF33_WB2C_full,C3,2087.1,191.535,252.36,1.3176
IMAGE 3.0.2,EMF33_WB2C_limbio,C3,,190.39,250.644,1.3165
IMAGE 3.0.2,EMF33_WB2C_nobeccs,C3,,189.395,249.959,1.3198
IMAGE 3.0.2,EMF33_WB2C_nofuel,C3,2085.0,192.723,253.671,1.3163
IMAGE 3.0.2,EMF33_tax_hi_full,C4,2089.0,208.428,279.109,1.3391
IMAGE 3.2,SSP1_SPA1_26I_D,C3,2072.0,201.711,273.638,1.3566
IMAGE 3.2,SSP1_SPA1_26I_LI,C3,2082.2,198.273,269.2,1.3577
IMAGE 3.2,SSP1_SPA1_26I_LIRE,C3,2074.2,200.413,271.641,1.3554
IMAGE 3.2,SSP1_SPA1_26I_RE,C3,2072.3,198.847,270.157,1.3586
IMAGE 3.2,SSP2_SPA0_26I_D,C3,2066.4,202.323,272.881,1.3487
IMAGE 3.2,SSP2_SPA2_26I_D,C3,2068.1,200.818,273.369,1.3613
IMAGE 3.2,SSP2_SPA2_26I_LI,C3,2077.0,197.145,268.901,1.364
IMAGE 3.2,SSP2_SPA2_26I_LIRE,C3,2074.4,196.436,267.921,1.3639
IMAGE 3.2,SSP2_SPA2_26I_RE,C3,2071.2,198.261,270.57,1.3647
MERGE-ETL 6.0,DAC2_66,C4,2074.7,217.431,289.419,1.3311
MESSAGE-GLOBIOM 1.0,EMF33_Med2C_cost100,C4,2078.4,195.706,256.991,1.3132
MESSAGE-GLOBIOM 1.0,EMF33_Med2C_full,C4,2078.3,196.282,257.59,1.3123
MESSAGE-GLOBIOM 1.0,EMF33_Med2C_limbio,C4,2084.2,193.47,254.405,1.315
MESSAGE-GLOBIOM 1.0,EMF33_Med2C_nobeccs,C3,,189.966,250.574,1.319
MESSAGE-GLOBIOM 1.0,EMF33_Med2C_nofuel,C4,2079.1,195.177,256.412,1.3137
MESSAGE-GLOBIOM 1.0,EMF33_Med2C_none,C3,,188.06,248.442,1.3211
MESSAGE-GLOBIOM 1.0,EMF33_tax_hi_full,C3,2069.2,197.203,258.436,1.3105
MESSAGE-GLOBIOM 1.0,EMF33_tax_hi_none,C4,,197.805,259.06,1.3097
MESSAGE-GLOBIOM 1.0,SSP1-26,C4,2072.9,185.038,242.763,1.312
MESSAGE-GLOBIOM 1.0,SSP2-26,C3,2073.3,195.641,257.586,1.3166
MESSAGE-GLOBIOM 1.0,SSP3-34,C4,2089.2,238.348,304.216,1.2764
MESSAGEix-GLOBIOM 1.0,CD-LINKS_INDC2030i_1600,C4,2075.4,199.396,263.01,1.319
MESSAGEix-GLOBIOM 1.0,CD-LINKS_NPi2020_1600,C4,2077.1,196.033,258.13,1.3168
MESSAGEix-GLOBIOM_1.1,EN_INDCi2030_1000,C3,2070.0,219.338,284.979,1.2993
MESSAGEix-GLOBIOM_1.1,EN_INDCi2030_1000_COV,C3,,206.806,270.443,1.3077
MESSAGEix-GLOBIOM_1.1,EN_INDCi2030_1000_COV_NDCp,C3,2070.0,204.674,267.948,1.3091
MESSAGEix-GLOBIOM_1.1,EN_INDCi2030_1000_NDCp,C3,2070.0,218.561,283.803,1.2985
MESSAGEix-GLOBIOM_1.1,EN_INDCi2030_1000f,C4,2070.8,219.338,284.979,1.2993
MESSAGEix-GLOBIOM_1.1,EN_INDCi2030_1000f_COV,C3,2072.4,206.806,270.443,1.3077
MESSAGEix-GLOBIOM_1.1,EN_INDCi2030_1000f_COV_NDCp,C3,2073.0,204.674,267.948,1.3091
MESSAGEix-GLOBIOM_1.1,EN_INDCi2030_1000f_NDCp,C4,2071.0,218.561,283.803,1.2985
MESSAGEix-GLOBIOM_1.1,EN_INDCi2030_1200,C4,2080.0,219.338,284.979,1.2993
MESSAGEix-GLOBIOM_1.1,EN_INDCi2030_1200_COV,C3,2081.6,206.806,270.443,1.3077
MESSAGEix-GLOBIOM_1.1,EN_INDCi2030_1200_COV_NDCp,C3,2080.0,204.674,267.948,1.3091
MESSAGEix-GLOBIOM_1.1,EN_INDCi2030_1200_NDCp,C4,2081.5,218.561,283.803,1.2985
MESSAGEix-GLOBIOM_1.1,EN_INDCi2030_1200f,C4,2075.2,219.338,284.979,1.2993
MESSAGEix-GLOBIOM_1.1,EN_INDCi2030_1200f_COV,C4,2077.0,206.806,270.443,1.3077
MESSAGEix-GLOBIOM_1.1,EN_INDCi2030_1200f_COV_NDCp,C4,2077.3,204.674,267.948,1.3091
MESSAGEix-GLOBIOM_1.1,EN_INDCi2030_1200f_NDCp,C4,2075.5,218.561,283.803,1.2985
MESSAGEix-GLOBIOM_1.1,EN_INDCi2030_1400,C4,2100.0,219.338,284.979,1.2993
MESSAGEix-GLOBIOM_1.1,EN_INDCi2030_1400_COV,C4,2090.0,206.806,270.443,1.3077
MESSAGEix-GLOBIOM_1.1,EN_INDCi2030_1400_COV_NDCp,C4,2090.0,204.674,267.948,1.3091
MESSAGEix-GLOBIOM_1.1,EN_INDCi2030_1400_NDCp,C4,2099.9,218.561,283.803,1.2985
MESSAGEix-GLOBIOM_1.1,EN_INDCi2030_1400f,C4,2079.4,219.338,284.979,1.2993
MESSAGEix-GLOBIOM_1.1,EN_INDCi2030_1400f_COV,C4,2081.4,206.806,270.443,1.3077
MESSAGEix-GLOBIOM_1.1,EN_INDCi2030_1400f_COV_NDCp,C4,2081.7,204.674,267.948,1.3091
MESSAGEix-GLOBIOM_1.1,EN_INDCi2030_1400f_NDCp,C4,2079.4,218.561,283.803,1.2985
MESSAGEix-GLOBIOM_1.1,EN_INDCi2030_1600_COV,C4,,206.806,270.443,1.3077
MESSAGEix-GLOBIOM_1.1,EN_INDCi2030_1600_COV_NDCp,C4,,204.674,267.948,1.3091
MESSAGEix-GLOBIOM_1.1,EN_INDCi2030_800f,C3,2065.8,219.338,284.979,1.2993
MESSAGEix-GLOBIOM_1.1,EN_INDCi2030_800f_COV,C3,2067.3,206.806,270.443,1.3077
MESSAGEix-GLOBIOM_1.1,EN_INDCi2030_800f_COV_NDCp,C3,2068.0,204.674,267.948,1.3091
MESSAGEix-GLOBIOM_1.1,EN_INDCi2030_800f_NDCp,C3,2066.0,218.561,283.803,1.2985
MESSAGEix-GLOBIOM_1.1,EN_INDCi2030_900f,C3,2068.4,219.338,284.979,1.2993
MESSAGEix-GLOBIOM_1.1,EN_INDCi2030_900f_COV,C3,2070.2,206.806,270.443,1.3077
MESSAGEix-GLOBIOM_1.1,EN_INDCi2030_900f_COV_NDCp,C3,2070.9,204.674,267.948,1.3091
MESSAGEix-GLOBIOM_1.1,EN_INDCi2030_900f_NDCp,C3,2068.6,218.561,283.803,1.2985
MESSAGEix-GLOBIOM_1.1,EN_INDCi2030_950_COV,C3,,206.806,270.443,1.3077
MESSAGEix-GLOBIOM_1.1,EN_INDCi2030_950_COV_NDCp,C3,,204.674,267.948,1.3091
MESSAGEix-GLOBIOM_1.1,EN_INDCi2030_950f_COV,C3,2071.4,206.806,270.443,1.3077
MESSAGEix-GLOBIOM_1.1,EN_INDCi2030_950f_COV_NDCp,C3,2072.1,204.674,267.948,1.3091
MESSAGEix-GLOBIOM_1.1,EN_NPi2020_1000,C3,2086.6,198.65,259.909,1.3084
MESSAGEix-GLOBIOM_1.1,EN_NPi2020_1000_COV,C3,2084.0,188.09,247.968,1.3184
MESSAGEix-GLOBIOM_1.1,EN_NPi2020_1000_DR10p,C3,2070.0,207.567,269.326,1.2975
MESSAGEix-GLOBIOM_1.1,EN_NPi2020_1000_DR1p,C3,,190.325,250.609,1.3167
MESSAGEix-GLOBIOM_1.1,EN_NPi2020_1000_DR2p,C3,2090.0,193.26,254.106,1.3148
MESSAGEix-GLOBIOM_1.1,EN_NPi2020_1000_DR3p,C3,2084.9,194.519,255.535,1.3137
MESSAGEix-GLOBIOM_1.1,EN_NPi2020_1000_DR4p,C3,2083.8,197.098,258.112,1.3096
MESSAGEix-GLOBIOM_1.1,EN_NPi2020_1000f,C3,2074.6,202.998,264.866,1.3048
MESSAGEix-GLOBIOM_1.1,EN_NPi2020_1000f_COV,C3,2076.7,190.519,250.688,1.3158
MESSAGEix-GLOBIOM_1.1,EN_NPi2020_1000f_DR10p,C4,2069.3,216.491,280.015,1.2934
MESSAGEix-GLOBIOM_1.1,EN_NPi2020_1000f_DR1p,C3,,189.742,250.003,1.3176
MESSAGEix-GLOBIOM_1.1,EN_NPi2020_1000f_DR2p,C3,2084.2,192.842,253.788,1.316
MESSAGEix-GLOBIOM_1.1,EN_NPi2020_1000f_DR3p,C3,2078.8,195.786,257.046,1.3129
MESSAGEix-GLOBIOM_1.1,EN_NPi2020_1000f_DR4p,C3,2076.3,199.669,261.181,1.3081
MESSAGEix-GLOBIOM_1.1,EN_NPi2020_1200,C3,2081.4,203.764,265.664,1.3038
MESSAGEix-GLOBIOM_1.1,EN_NPi2020_1200_COV,C3,2090.0,191.363,251.56,1.3146
MESSAGEix-GLOBIOM_1.1,EN_NPi2020_1200f,C4,2078.4,205.228,267.25,1.3022
MESSAGEix-GLOBIOM_1.1,EN_NPi2020_1200f_COV,C4,2079.7,192.903,253.493,1.3141
MESSAGEix-GLOBIOM_1.1,EN_NPi2020_1400,C4,2090.0,206.602,268.778,1.3009
MESSAGEix-GLOBIOM_1.1,EN_NPi2020_1400_COV,C4,,195.403,256.308,1.3117
MESSAGEix-GLOBIOM_1.1,EN_NPi2020_1400f,C4,2081.5,208.414,271.096,1.3008
MESSAGEix-GLOBIOM_1.1,EN_NPi2020_1400f_COV,C4,2084.8,195.7,256.671,1.3116
MESSAGEix-GLOBIOM_1.1,EN_NPi2020_1600,C4,,210.015,272.867,1.2993
MESSAGEix-GLOBIOM_1.1,EN_NPi2020_1600_COV,C4,,197.85,259.111,1.3096
MESSAGEix-GLOBIOM_1.1,EN_NPi2020_1600f_COV,C4,2089.3,198.141,259.813,1.3113
MESSAGEix-GLOBIOM_1.1,EN_NPi2020_800,C3,2097.6,192.814,253.086,1.3126
MESSAGEix-GLOBIOM_1.1,EN_NPi2020_800_COV,C3,,183.416,242.564,1.3225
MESSAGEix-GLOBIOM_1.1,EN_NPi2020_800f,C3,2070.4,199.147,260.559,1.3084
MESSAGEix-GLOBIOM_1.1,EN_NPi2020_800f_COV,C3,2071.7,188.357,248.348,1.3185
MESSAGEix-GLOBIOM_1.1,EN_NPi2020_900,C3,2090.0,196.305,257.075,1.3096
MESSAGEix-GLOBIOM_1.1,EN_NPi2020_900_COV,C3,2080.0,185.906,245.228,1.3191
MESSAGEix-GLOBIOM_1.1,EN_NPi2020_900f,C3,2072.4,201.309,263.034,1.3066
MESSAGEix-GLOBIOM_1.1,EN_NPi2020_900f_COV,C3,2074.0,189.491,249.604,1.3172
MESSAGEix-GLOBIOM_1.1,NGFS2_Delayed Transition,C3,2062.1,210.369,275.038,1.3074
MESSAGEix-GLOBIOM_1.2,COV_GreenPush_1000,C3,2085.2,183.463,242.678,1.3228
MESSAGEix-GLOBIOM_1.2,COV_NoPolicyNoCOVID_1000,C3,2080.0,201.787,263.217,1.3044
MESSAGEix-GLOBIOM_1.2,COV_Restore_1000,C3,2084.9,189.393,249.367,1.3167
MESSAGEix-GLOBIOM_1.2,COV_SelfReliance_1000,C3,2089.8,192.425,252.653,1.313
MESSAGEix-GLOBIOM_1.2,COV_SmartUse_1000,C3,2085.4,189.231,249.149,1.3166
MESSAGEix-GLOBIOM_GEI 1.0,SSP2_int_lc_50,C3,2059.7,200.372,262.868,1.3119
MESSAGEix-GLOBIOM_GEI 1.0,SSP2_noint_lc_50,C3,2059.7,200.505,263.002,1.3117
MESSAGEix-GLOBIOM_GEI 1.0,SSP2_openres_lc_50,C3,2063.7,198.911,261.191,1.3131
POLES EMF30,EMF30_D_CO2-Only,C4,2062.9,161.932,227.393,1.4043
POLES EMF33,EMF33_Med2C_cost100,C3,2097.3,180.315,232.231,1.2879
POLES EMF33,EMF33_Med2C_full,C3,2098.9,180.726,232.836,1.2883
POLES EMF33,EMF33_Med2C_limbio,C3,,176.254,226.876,1.2872
POLES EMF33,EMF33_Med2C_nobeccs,C3,,175.225,225.845,1.2889
POLES EMF33,EMF33_Med2C_nofuel,C3,2095.6,180.665,232.796,1.2886
POLES EMF33,EMF33_Med2C_none,C3,,174.63,225.215,1.2897
POLES EMF33,EMF33_tax_hi_full,C4,2081.7,185.309,239.667,1.2933
POLES EMF33,EMF33_tax_hi_none,C4,,185.073,239.466,1.2939
POLES ENGAGE,EN_INDCi2030_1000,C4,,207.472,274.189,1.3216
POLES ENGAGE,EN_INDCi2030_1000_COV,C4,,193.584,258.816,1.337
POLES ENGAGE,EN_INDCi2030_1000_COV_NDCp,C4,2099.9,192.474,257.695,1.3389
POLES ENGAGE,EN_INDCi2030_1000_NDCp,C4,,204.838,270.757,1.3218
POLES ENGAGE,EN_INDCi2030_1000f,C4,2075.6,207.472,274.189,1.3216
POLES ENGAGE,EN_INDCi2030_1000f_COV,C4,2077.9,193.584,258.816,1.337
POLES ENGAGE,EN_INDCi2030_1000f_COV_NDCp,C4,2079.6,192.474,257.695,1.3389
POLES ENGAGE,EN_INDCi2030_1000f_NDCp,C4,2074.8,204.838,270.757,1.3218
POLES ENGAGE,EN_INDCi2030_1200,C4,2099.0,207.472,274.189,1.3216
POLES ENGAGE,EN_INDCi2030_1200f,C4,2082.7,207.472,274.189,1.3216
POLES ENGAGE,EN_INDCi2030_500f,C3,2063.6,207.472,274.189,1.3216
POLES ENGAGE,EN_INDCi2030_600f,C3,2065.3,207.472,274.189,1.3216
POLES ENGAGE,EN_INDCi2030_600f_COV,C3,2065.7,193.584,258.816,1.337
POLES ENGAGE,EN_INDCi2030_600f_COV_NDCp,C3,2065.5,192.474,257.695,1.3389
POLES ENGAGE,EN_INDCi2030_600f_NDCp,C3,2065.7,204.838,270.757,1.3218
POLES ENGAGE,EN_INDCi2030_700f,C3,2067.8,207.472,274.189,1.3216
POLES ENGAGE,EN_INDCi2030_800f,C4,2070.0,207.472,274.189,1.3216
POLES ENGAGE,EN_INDCi2030_900,C3,2089.4,207.472,274.189,1.3216
POLES ENGAGE,EN_INDCi2030_900f,C4,2073.6,207.472,274.189,1.3216
POLES ENGAGE,EN_NPi2020_1000,C4,,197.162,258.677,1.312
POLES ENGAGE,EN_NPi2020_1000_COV,C4,,192.037,255.511,1.3305
POLES ENGAGE,EN_NPi2020_1000f,C4,2073.7,204.354,267.731,1.3101
POLES ENGAGE,EN_NPi2020_1000f_COV,C4,2075.8,197.5,262.292,1.3281
POLES ENGAGE,EN_NPi2020_1200,C4,,200.467,262.744,1.3107
POLES ENGAGE,EN_NPi2020_1200f,C4,2079.8,204.354,267.731,1.3101
POLES ENGAGE,EN_NPi2020_500,C3,2067.4,160.2,219.391,1.3695
POLES ENGAGE,EN_NPi2020_500f,C3,2064.1,195.86,257.13,1.3128
POLES ENGAGE,EN_NPi2020_600,C3,2075.3,170.74,230.529,1.3502
POLES ENGAGE,EN_NPi2020_600f,C3,2066.9,198.609,260.434,1.3113
POLES ENGAGE,EN_NPi2020_600f_COV,C3,2066.2,192.027,255.497,1.3305
POLES ENGAGE,EN_NPi2020_700,C3,2080.8,188.801,249.389,1.3209
POLES ENGAGE,EN_NPi2020_700f,C3,2068.1,200.618,262.94,1.3106
POLES ENGAGE,EN_NPi2020_800,C3,2079.3,195.198,256.372,1.3134
POLES ENGAGE,EN_NPi2020_800f,C4,2069.0,202.653,265.453,1.3099
POLES ENGAGE,EN_NPi2020_900,C3,,198.582,260.4,1.3113
POLES ENGAGE,EN_NPi2020_900f,C4,2070.4,203.745,266.894,1.3099
POLES GECO2019,CO_2Deg2020,C3,2067.3,204.947,269.193,1.3135
POLES GECO2019,CO_2Deg2030,C3,2066.4,206.575,272.337,1.3183
POLES GECO2019,CO_Bridge_notax,C4,2066.2,212.032,280.986,1.3252
REMIND 1.6,EMF30_Slower-to-faster,C3,2074.0,219.476,297.647,1.3562
REMIND 1.6,EMF30_Slower-to-faster+SLCF,C3,2074.3,213.235,287.621,1.3488
REMIND 1.6,EMF30_Slower-to-faster+SLCF+HFC,C3,2074.3,213.235,287.621,1.3488
REMIND 2.1,CEMICS_GDPgrowth_2C,C3,2085.1,181.801,251.38,1.3827
REMIND 2.1,CEMICS_HotellingConst_2C,C3,2068.4,187.37,257.702,1.3754
REMIND 2.1,CEMICS_Linear_2C,C3,2077.8,186.703,257.046,1.3768
REMIND 2.1,CEMICS_opt_2C,C3,2080.0,187.032,257.449,1.3765
REMIND 2.1,LeastTotalCost_CBA_brkLR15_SSP2_P50,C3,2078.7,175.164,242.535,1.3846
REMIND 2.1,LeastTotalCost_CBA_brkSR15_SSP2_P50,C3,,184.059,253.468,1.3771
REMIND 2.1,LeastTotalCost_CEA_brkLR15_SSP2_P50,C3,2079.4,186.709,257.035,1.3767
REMIND 2.1,LeastTotalCost_CEA_brkSR15_SSP2_P50,C3,,186.582,256.898,1.3769
REMIND 2.1,LeastTotalCost_LTC_brkLR15_SSP2_P50,C3,2077.2,175.159,242.529,1.3846
REMIND 2.1,LeastTotalCost_LTC_brkLR15_SSP5_P50,C3,2070.9,177.653,243.635,1.3714
REMIND 2.1,LeastTotalCost_LTC_brkSR15_SSP2_P50,C3,2082.4,182.487,251.058,1.3758
REMIND 2.1,LeastTotalCost_LTC_brkSR15_SSP5_P50,C3,2070.0,181.386,248.174,1.3682
REMIND 2.1,R2p1_SSP2-PkBudg1100,C3,2067.6,181.729,250.233,1.377
REMIND 2.1,R2p1_SSP2-PkBudg1300,C3,2097.2,185.076,254.223,1.3736
REMIND 2.1,R2p1_SSP5-PkBudg1300,C3,2085.3,185.757,252.691,1.3603
REMIND 2.1,TechCost-SSP2-B1100-bioH,C3,2066.3,182.555,251.29,1.3765
REMIND 2.1,TechCost-SSP2-B1100-ccsH,C3,2065.5,183.887,252.609,1.3737
REMIND 2.1,TechCost-SSP2-B1100-coalH,C3,2066.2,184.936,253.831,1.3725
REMIND 2.1,TechCost-SSP2-B1100-elh2H,C3,2070.1,183.597,252.37,1.3746
REMIND 2.1,TechCost-SSP2-B1100-gasH,C3,2066.8,183.09,251.905,1.3759
REMIND 2.1,TechCost-SSP2-B1100-nucH,C3,2067.0,183.235,251.933,1.3749
REMIND 2.1,TechCost-SSP2-B1100-oilH,C3,2067.1,184.14,252.567,1.3716
REMIND 2.1,TechCost-SSP2-B1100-spvH,C3,2067.0,182.582,251.298,1.3764
REMIND 2.1,TechCost-SSP2-B1100-windH,C3,2067.9,182.739,251.335,1.3754
REMIND-MAgPIE 1.5,SSP1-26,C4,2075.2,171.551,240.95,1.4045
REMIND-MAgPIE 1.5,SSP2-26,C3,2068.4,207.311,272.838,1.3161
REMIND-MAgPIE 1.5,SSP5-26,C4,2066.5,202.311,274.412,1.3564
REMIND-MAgPIE 1.7-3.0,CD-LINKS_INDC2030i_1600,C4,2081.3,212.65,282.874,1.3302
REMIND-MAgPIE 1.7-3.0,CD-LINKS_NDC2030i_1000,C3,2058.1,212.65,282.874,1.3302
REMIND-MAgPIE 1.7-3.0,CD-LINKS_NPi2020_1600,C4,2093.3,200.299,267.253,1.3343
REMIND-MAgPIE 1.7-3.0,EMF33_Med2C_cost100,C4,2081.4,208.211,270.66,1.2999
REMIND-MAgPIE 1.7-3.0,EMF33_Med2C_limbio,C3,2099.5,204.492,266.1,1.3013
REMIND-MAgPIE 1.7-3.0,EMF33_Med2C_nobeccs,C4,,202.727,263.501,1.2998
REMIND-MAgPIE 1.7-3.0,EMF33_Med2C_nofuel,C4,2081.4,208.477,270.91,1.2995
REMIND-MAgPIE 1.7-3.0,EMF33_Med2C_none,C4,,201.234,261.608,1.3
REMIND-MAgPIE 1.7-3.0,EMF33_WB2C_cost100,C3,2068.6,204.361,265.259,1.298
REMIND-MAgPIE 1.7-3.0,EMF33_WB2C_full,C3,2067.9,205.839,267.416,1.2992
REMIND-MAgPIE 1.7-3.0,EMF33_WB2C_limbio,C3,2068.6,196.571,256.221,1.3035
REMIND-MAgPIE 1.7-3.0,EMF33_WB2C_nobeccs,C3,2097.5,191.389,249.672,1.3045
REMIND-MAgPIE 1.7-3.0,EMF33_WB2C_nofuel,C3,2065.2,204.735,265.619,1.2974
REMIND-MAgPIE 1.7-3.0,EMF33_WB2C_none,C3,2090.2,187.105,244.781,1.3083
REMIND-MAgPIE 1.7-3.0,EMF33_tax_hi_full,C3,2068.1,215.407,281.444,1.3066
REMIND-MAgPIE 1.7-3.0,EMF33_tax_hi_none,C4,,215.385,281.397,1.3065
REMIND-MAgPIE 2.0-4.1,Diff_1300Gt_hybrid_def,C3,2075.6,199.191,278.487,1.3981
REMIND-MAgPIE 2.0-4.1,Diff_1300Gt_no-transfer_def,C3,2069.0,196.474,275.648,1.403
REMIND-MAgPIE 2.0-4.1,Diff_1300Gt_uniform-pricing_def,C3,2075.4,198.552,278.052,1.4004
REMIND-MAgPIE 2.1-4.2,CEMICS_SSP2-2C-fullCDR,C3,2085.9,183.684,252.905,1.3769
REMIND-MAgPIE 2.1-4.2,CEMICS_SSP2-2C-minCDR,C3,,179.612,248.203,1.3819
REMIND-MAgPIE 2.1-4.2,EN_INDCi2030_1000,C3,2086.2,196.459,271.68,1.3829
REMIND-MAgPIE 2.1-4.2,EN_INDCi2030_1000_COV,C3,2084.0,185.272,259.649,1.4014
REMIND-MAgPIE 2.1-4.2,EN_INDCi2030_1000_COV_NDCp,C3,2089.4,184.817,258.871,1.4007
REMIND-MAgPIE 2.1-4.2,EN_INDCi2030_1000_NDCp,C3,2084.4,196.952,271.863,1.3804
REMIND-MAgPIE 2.1-4.2,EN_INDCi2030_1000f,C3,2081.6,196.459,271.68,1.3829
REMIND-MAgPIE 2.1-4.2,EN_INDCi2030_1000f_COV,C3,2082.4,185.272,259.649,1.4014
REMIND-MAgPIE 2.1-4.2,EN_INDCi2030_1000f_COV_NDCp,C3,2083.8,184.817,258.871,1.4007
REMIND-MAgPIE 2.1-4.2,EN_INDCi2030_1000f_NDCp,C3,2081.9,196.952,271.863,1.3804
REMIND-MAgPIE 2.1-4.2,EN_INDCi2030_1200,C3,,196.459,271.68,1.3829
REMIND-MAgPIE 2.1-4.2,EN_INDCi2030_1200f,C3,,196.459,271.68,1.3829
REMIND-MAgPIE 2.1-4.2,EN_INDCi2030_1400,C4,,196.459,271.68,1.3829
REMIND-MAgPIE 2.1-4.2,EN_INDCi2030_1400f,C4,,196.459,271.68,1.3829
REMIND-MAgPIE 2.1-4.2,EN_INDCi2030_700,C3,2048.9,196.459,271.68,1.3829
REMIND-MAgPIE 2.1-4.2,EN_INDCi2030_700f,C3,2065.1,196.459,271.68,1.3829
REMIND-MAgPIE 2.1-4.2,EN_INDCi2030_800,C3,2054.9,196.459,271.68,1.3829
REMIND-MAgPIE 2.1-4.2,EN_INDCi2030_800f,C3,2068.2,196.459,271.68,1.3829
REMIND-MAgPIE 2.1-4.2,EN_INDCi2030_900,C3,2072.8,196.459,271.68,1.3829
REMIND-MAgPIE 2.1-4.2,EN_INDCi2030_900f,C3,2072.4,196.459,271.68,1.3829
REMIND-MAgPIE 2.1-4.2,EN_NPi2020_1000,C3,,184.172,252.425,1.3706
REMIND-MAgPIE 2.1-4.2,EN_NPi2020_1000_COV,C3,,173.564,241.265,1.3901
REMIND-MAgPIE 2.1-4.2,EN_NPi2020_1000f,C3,,184.062,252.277,1.3706
REMIND-MAgPIE 2.1-4.2,EN_NPi2020_1000f_COV,C3,2094.7,173.993,241.701,1.3891
REMIND-MAgPIE 2.1-4.2,EN_NPi2020_1200,C3,,186.893,256.191,1.3708
REMIND-MAgPIE 2.1-4.2,EN_NPi2020_1200f,C3,,187.12,255.914,1.3676
REMIND-MAgPIE 2.1-4.2,EN_NPi2020_1400,C4,,188.744,258.628,1.3703
REMIND-MAgPIE 2.1-4.2,EN_NPi2020_1400f,C4,,188.744,258.628,1.3703
REMIND-MAgPIE 2.1-4.2,EN_NPi2020_1600,C4,,190.286,261.222,1.3728
REMIND-MAgPIE 2.1-4.2,EN_NPi2020_1600f,C4,,190.286,261.222,1.3728
REMIND-MAgPIE 2.1-4.2,EN_NPi2020_700,C3,2072.0,176.982,244.013,1.3787
REMIND-MAgPIE 2.1-4.2,EN_NPi2020_700f,C3,2072.5,179.196,246.522,1.3757
REMIND-MAgPIE 2.1-4.2,EN_NPi2020_800,C3,2084.6,180.013,247.433,1.3745
REMIND-MAgPIE 2.1-4.2,EN_NPi2020_800f,C3,2079.4,180.695,248.194,1.3736
REMIND-MAgPIE 2.1-4.2,EN_NPi2020_900,C3,,182.533,250.456,1.3721
REMIND-MAgPIE 2.1-4.2,EN_NPi2020_900f,C3,2089.9,182.425,250.282,1.372
REMIND-MAgPIE 2.1-4.2,NGFS2_Delayed Transition,C3,2060.8,202.869,279.444,1.3775
REMIND-MAgPIE 2.1-4.3,DeepElec_SSP2_ HighRE_Budg1100,C3,2095.9,194.392,265.713,1.3669
REMIND-MAgPIE 2.1-4.3,DeepElec_SSP2_ HighRE_Budg1300,C3,,199.088,271.406,1.3632
REMIND-MAgPIE 2.1-4.3,DeepElec_SSP2_def_Budg1300,C3,2072.1,203.227,276.466,1.3604
REMIND-Transport 2.1,Transport_Budg1100_Conv,C3,,178.051,245.371,1.3781
REMIND-Transport 2.1,Transport_Budg1100_Conv-LowD,C3,,179.0,246.588,1.3776
REMIND-Transport 2.1,Transport_Budg1100_ConvSyn,C3,2078.8,182.414,250.681,1.3742
REMIND-Transport 2.1,Transport_Budg1100_ElecPush,C3,,181.14,248.915,1.3742
REMIND-Transport 2.1,Transport_Budg1100_ElecPush-LowD,C3,,181.371,249.251,1.3743
REMIND-Transport 2.1,Transport_Budg1100_H2Push,C3,,179.259,246.818,1.3769
WITCH 5.0,CO_2Deg2020,C3,2075.0,156.082,210.178,1.3466
WITCH 5.0,CO_2Deg2030,C3,2065.4,186.303,253.397,1.3601
WITCH 5.0,CO_Bridge,C3,2074.3,190.597,243.097,1.2754
WITCH 5.0,EN_INDCi2030_1000,C3,2071.2,184.469,250.464,1.3578
WITCH 5.0,EN_INDCi2030_1000_NDCp,C3,2071.4,186.073,252.355,1.3562
WITCH 5.0,EN_INDCi2030_1000f,C3,2076.4,184.469,250.464,1.3578
WITCH 5.0,EN_INDCi2030_1000f_NDCp,C3,2076.6,186.073,252.355,1.3562
WITCH 5.0,EN_INDCi2030_1200,C4,2083.0,184.469,250.464,1.3578
WITCH 5.0,EN_INDCi2030_1200_NDCp,C4,2084.7,186.073,252.355,1.3562
WITCH 5.0,EN_INDCi2030_1200f,C4,2084.4,184.469,250.464,1.3578
WITCH 5.0,EN_INDCi2030_1200f_NDCp,C4,2084.8,186.073,252.355,1.3562
WITCH 5.0,EN_INDCi2030_1400,C4,2092.7,184.469,250.464,1.3578
WITCH 5.0,EN_INDCi2030_1400_NDCp,C4,2093.2,186.073,252.355,1.3562
WITCH 5.0,EN_INDCi2030_1400f,C4,2093.3,184.469,250.464,1.3578
WITCH 5.0,EN_INDCi2030_1400f_NDCp,C4,2092.9,186.073,252.355,1.3562
WITCH 5.0,EN_INDCi2030_600f,C3,2060.0,184.469,250.464,1.3578
WITCH 5.0,EN_INDCi2030_600f_NDCp,C3,2061.0,186.073,252.355,1.3562
WITCH 5.0,EN_INDCi2030_700f,C3,2064.0,184.469,250.464,1.3578
WITCH 5.0,EN_INDCi2030_700f_NDCp,C3,2065.0,186.073,252.355,1.3562
WITCH 5.0,EN_INDCi2030_800,C3,2057.5,184.469,250.464,1.3578
WITCH 5.0,EN_INDCi2030_800_NDCp,C3,2058.4,186.073,252.355,1.3562
WITCH 5.0,EN_INDCi2030_800f,C3,2067.5,184.469,250.464,1.3578
WITCH 5.0,EN_INDCi2030_800f_NDCp,C3,2068.9,186.073,252.355,1.3562
WITCH 5.0,EN_INDCi2030_900,C3,2065.5,184.469,250.464,1.3578
WITCH 5.0,EN_INDCi2030_900_NDCp,C3,2065.8,186.073,252.355,1.3562
WITCH 5.0,EN_INDCi2030_900f,C3,2071.8,184.469,250.464,1.3578
WITCH 5.0,EN_INDCi2030_900f_NDCp,C3,2072.7,186.073,252.355,1.3562
WITCH 5.0,EN_NPi2020_1000,C3,2081.8,159.191,214.151,1.3452
WITCH 5.0,EN_NPi2020_1000f,C3,2082.8,161.514,216.875,1.3428
WITCH 5.0,EN_NPi2020_1200,C4,2091.2,164.158,220.228,1.3416
WITCH 5.0,EN_NPi2020_1200f,C4,2090.2,165.128,221.377,1.3406
WITCH 5.0,EN_NPi2020_1400,C4,,168.607,225.659,1.3384
WITCH 5.0,EN_NPi2020_1400f,C4,,168.972,226.076,1.3379
WITCH 5.0,EN_NPi2020_1600,C4,,172.275,230.233,1.3364
WITCH 5.0,EN_NPi2020_1600f,C4,,172.561,230.59,1.3363
WITCH 5.0,EN_NPi2020_600,C3,2059.3,150.098,202.757,1.3508
WITCH 5.0,EN_NPi2020_600f,C3,2067.8,154.979,208.829,1.3475
WITCH 5.0,EN_NPi2020_700,C3,2065.3,152.955,206.249,1.3484
WITCH 5.0,EN_NPi2020_700f,C3,2071.4,156.556,210.803,1.3465
WITCH 5.0,EN_NPi2020_800,C3,2070.4,155.176,209.133,1.3477
WITCH 5.0,EN_NPi2020_800f,C3,2075.1,158.026,212.619,1.3455
WITCH 5.0,EN_NPi2020_900,C3,2076.7,157.041,211.461,1.3465
WITCH 5.0,EN_NPi2020_900f,C3,2079.0,159.502,214.486,1.3447
WITCH-GLOBIOM 4.4,CD-LINKS_INDC2030i_1600,C3,2087.4,195.191,265.18,1.3586
WITCH-GLOBIOM 4.4,CD-LINKS_NPi2020_1600,C3,2094.1,185.916,246.73,1.3271
