model,scenario,category,netzero_co2_year,cum_co2_gt,cum_co2e_gt,ratio
AIM/CGE 2.1,CD-LINKS_NPi2020_400,C1,2044.8,451.65,640.69,1.4186
AIM/CGE 2.2,EN_NPi2020_300f,C1,2054.4,609.92,899.6,1.4749
AIM/CGE 2.2,EN_NPi2020_400f,C2,2057.8,679.72,998.72,1.4693
AIM/CGE 2.2,EN_NPi2020_500f,C2,2060.8,751.86,1097.08,1.4592
AIM/CGE 2.2,EN_NPi2020_600,C1,2055.0,546.99,835.13,1.5268
AIM/CGE 2.2,EN_NPi2020_600f,C2,2063.5,827.82,1198.18,1.4474
AIM/Hub-Global 2.0,1.5C,C1,2053.0,515.41,767.05,1.4882
C-ROADS-5.005,Ratchet-1.5-allCDR,C2,2054.0,721.36,1077.36,1.4935
C-ROADS-5.005,Ratchet-1.5-limCDR,C2,2051.2,622.13,929.18,1.4935
C-ROADS-5.005,Ratchet-1.5-limCDR-noOS,C1,2036.5,323.12,497.34,1.5392
C-ROADS-5.005,Ratchet-1.5-noCDR,C1,2044.0,468.41,714.79,1.526
C-ROADS-5.005,Ratchet-1.5-noCDR-noOS,C1,2037.1,308.3,486.64,1.5785
COFFEE 1.1,EN_INDCi2030_400f,C2,2061.1,882.57,1335.83,1.5136
COFFEE 1.1,EN_INDCi2030_500f,C2,2063.3,939.55,1411.46,1.5023
COFFEE 1.1,EN_NPi2020_400f,C2,2062.3,857.46,1307.25,1.5246
COFFEE 1.1,EN_NPi2020_500f,C2,2064.5,924.28,1392.15,1.5062
GCAM 4.2,SSP1-19,C1,2058.4,517.28,1337.36,2.5854
GCAM 5.3,NGFS2_Divergent Net Zero Policies,C2,2045.4,477.71,776.11,1.6246
GCAM 5.3,NGFS2_Net-Zero 2050,C2,2049.7,581.64,926.12,1.5923
GCAM 5.3,R_MAC_30_n0,C1,2030.0,196.35,309.5,1.5763
GCAM 5.3,R_MAC_35_n8,C1,2032.4,243.18,385.07,1.5835
GCAM 5.3,R_MAC_40_n8,C1,2036.6,323.14,513.57,1.5893
GCAM 5.3,R_MAC_45_n8,C1,2040.7,403.12,643.94,1.5974
GCAM 5.3,R_MAC_50_n8,C1,2044.9,483.08,774.59,1.6034
GCAM 5.3,R_MAC_55_n8,C2,2049.0,563.06,906.66,1.6102
GCAM 5.3,R_MAC_60_n8,C2,2053.1,643.03,1038.71,1.6153
GCAM 5.3,SSP_SSP3,C2,2053.1,639.76,1033.42,1.6153
GCAM 5.3,SSP_SSP4,C2,2053.1,639.86,1036.66,1.6201
GEM-E3_V2021,EN_INDCi2030_600f,C2,2056.4,789.14,1166.9,1.4787
GEM-E3_V2021,EN_INDCi2030_600f_COV,C2,2057.3,779.29,1147.26,1.4722
GEM-E3_V2021,EN_INDCi2030_600f_COV_NDCp,C2,2057.5,771.09,1140.05,1.4785
GEM-E3_V2021,EN_INDCi2030_600f_NDCp,C2,2056.9,788.71,1170.29,1.4838
GEM-E3_V2021,EN_INDCi2030_800f,C2,2064.7,896.37,1354.93,1.5116
GEM-E3_V2021,EN_NPi2020_400f,C2,2054.6,658.17,1009.44,1.5337
GEM-E3_V2021,EN_NPi2020_500,C1,2045.0,437.83,668.75,1.5274
GEM-E3_V2021,EN_NPi2020_500f,C2,2058.5,717.77,1110.65,1.5474
GEM-E3_V2021,EN_NPi2020_600,C2,2055.0,538.87,855.04,1.5867
GEM-E3_V2021,EN_NPi2020_600_COV,C1,2064.6,541.6,909.94,1.6801
GEM-E3_V2021,EN_NPi2020_600f,C2,2061.5,781.79,1210.99,1.549
GEM-E3_V2021,EN_NPi2020_600f_COV,C2,2061.9,734.42,1138.82,1.5506
IMAGE 3.0.1,CD-LINKS_NPi2020_400,C2,2050.2,501.39,802.74,1.601
IMAGE 3.2,SSP1_SPA1_19I_D,C2,2051.4,658.97,997.14,1.5132
IMAGE 3.2,SSP1_SPA1_19I_D_LB,C1,2048.9,515.71,766.17,1.4857
IMAGE 3.2,SSP1_SPA1_19I_LI,C2,2048.3,584.44,884.74,1.5138
IMAGE 3.2,SSP1_SPA1_19I_LIRE,C2,2047.1,583.1,879.78,1.5088
IMAGE 3.2,SSP1_SPA1_19I_LIRE_LB,C1,2042.6,444.45,644.31,1.4497
IMAGE 3.2,SSP1_SPA1_19I_RE,C2,2052.2,649.43,989.87,1.5242
IMAGE 3.2,SSP1_SPA1_19I_RE_LB,C1,2047.6,508.0,748.95,1.4743
IMAGE 3.2,SSP2_SPA1_19I_D_LB,C1,2054.6,590.39,908.88,1.5395
IMAGE 3.2,SSP2_SPA1_19I_LIRE_LB,C1,2046.2,478.73,709.48,1.482
IMAGE 3.2,SSP2_SPA1_19I_RE_LB,C1,2051.4,570.97,862.41,1.5104
IMAGE 3.2,SSP2_SPA2_19I_D,C2,2050.2,628.81,983.62,1.5643
IMAGE 3.2,SSP2_SPA2_19I_LI,C1,2048.1,627.4,933.3,1.4876
IMAGE 3.2,SSP2_SPA2_19I_LIRE,C2,2047.4,544.57,836.04,1.5352
IMAGE 3.2,SSP2_SPA2_19I_RE,C2,2046.9,548.63,866.49,1.5794
MESSAGE-GLOBIOM 1.0,EMF30_Slower-to-faster,C2,2062.3,886.86,1284.33,1.4482
MESSAGE-GLOBIOM 1.0,EMF33_1.5C_cost100,C1,2049.2,423.62,689.75,1.6282
MESSAGE-GLOBIOM 1.0,EMF33_1.5C_full,C1,2049.3,424.66,690.95,1.6271
MESSAGE-GLOBIOM 1.0,EMF33_WB2C_cost100,C2,2061.0,747.37,1153.73,1.5437
MESSAGE-GLOBIOM 1.0,EMF33_WB2C_full,C2,2060.7,744.12,1147.17,1.5416
MESSAGE-GLOBIOM 1.0,EMF33_WB2C_limbio,C2,2058.5,610.24,974.71,1.5973
MESSAGE-GLOBIOM 1.0,EMF33_WB2C_nofuel,C2,2061.5,724.95,1132.59,1.5623
MESSAGE-GLOBIOM 1.0,SSP2-19,C1,2057.1,588.62,944.06,1.6039
MESSAGEix-GLOBIOM 1.0,CD-LINKS_NDC2030i_1000,C2,2062.0,997.05,1439.82,1.4441
MESSAGEix-GLOBIOM 1.0,CD-LINKS_NPi2020_1000,C2,2064.3,908.96,1353.69,1.4893
MESSAGEix-GLOBIOM 1.0,CD-LINKS_NPi2020_400,C1,2052.8,574.21,889.52,1.5491
MESSAGEix-GLOBIOM 1.0,LowEnergyDemand_1.3_IPCC,C1,2058.8,466.99,791.09,1.694
MESSAGEix-GLOBIOM_1.1,EN_INDCi2030_600f_COV,C2,2061.9,877.41,1274.87,1.453
MESSAGEix-GLOBIOM_1.1,EN_INDCi2030_600f_COV_NDCp,C2,2062.3,864.65,1263.3,1.4611
MESSAGEix-GLOBIOM_1.1,EN_INDCi2030_700f,C2,2063.4,957.61,1378.44,1.4395
MESSAGEix-GLOBIOM_1.1,EN_INDCi2030_700f_COV,C2,2064.6,927.9,1351.32,1.4563
MESSAGEix-GLOBIOM_1.1,EN_INDCi2030_700f_COV_NDCp,C2,2065.2,916.58,1342.8,1.465
MESSAGEix-GLOBIOM_1.1,EN_INDCi2030_700f_NDCp,C2,2063.6,953.16,1374.17,1.4417
MESSAGEix-GLOBIOM_1.1,EN_NPi2020_200f,C2,2056.0,530.37,837.17,1.5785
MESSAGEix-GLOBIOM_1.1,EN_NPi2020_300f,C2,2058.8,587.15,918.1,1.5637
MESSAGEix-GLOBIOM_1.1,EN_NPi2020_400f,C2,2061.9,652.26,1011.68,1.551
MESSAGEix-GLOBIOM_1.1,EN_NPi2020_450,C1,2050.0,388.66,635.92,1.6362
MESSAGEix-GLOBIOM_1.1,EN_NPi2020_450f,C2,2063.1,685.53,1056.0,1.5404
MESSAGEix-GLOBIOM_1.1,EN_NPi2020_500,C1,2055.0,435.56,721.55,1.6566
MESSAGEix-GLOBIOM_1.1,EN_NPi2020_500f,C2,2064.3,721.02,1103.41,1.5303
MESSAGEix-GLOBIOM_1.1,EN_NPi2020_600,C2,2060.0,534.88,867.87,1.6226
MESSAGEix-GLOBIOM_1.1,EN_NPi2020_600_COV,C1,2060.0,536.43,868.23,1.6185
MESSAGEix-GLOBIOM_1.1,EN_NPi2020_600_DR10p,C2,2059.5,535.27,858.89,1.6046
MESSAGEix-GLOBIOM_1.1,EN_NPi2020_600_DR1p,C1,2070.0,535.74,942.52,1.7593
MESSAGEix-GLOBIOM_1.1,EN_NPi2020_600_DR2p,C1,2070.0,535.81,938.51,1.7516
MESSAGEix-GLOBIOM_1.1,EN_NPi2020_600_DR3p,C1,2070.0,534.87,935.47,1.749
MESSAGEix-GLOBIOM_1.1,EN_NPi2020_600_DR4p,C1,2100.0,533.4,1127.09,2.113
MESSAGEix-GLOBIOM_1.1,EN_NPi2020_600f,C2,2066.3,781.4,1185.01,1.5165
MESSAGEix-GLOBIOM_1.1,EN_NPi2020_600f_COV,C2,2067.3,769.62,1174.38,1.5259
MESSAGEix-GLOBIOM_1.1,EN_NPi2020_600f_DR10p,C2,2063.2,926.51,1316.35,1.4208
MESSAGEix-GLOBIOM_1.1,EN_NPi2020_600f_DR1p,C2,2070.0,643.96,1065.5,1.6546
MESSAGEix-GLOBIOM_1.1,EN_NPi2020_600f_DR2p,C2,2069.0,691.45,1106.19,1.5998
MESSAGEix-GLOBIOM_1.1,EN_NPi2020_600f_DR3p,C2,2067.7,726.52,1135.92,1.5635
MESSAGEix-GLOBIOM_1.1,EN_NPi2020_600f_DR4p,C2,2066.9,755.65,1162.45,1.5383
MESSAGEix-GLOBIOM_1.1,EN_NPi2020_700,C2,2070.0,635.46,1046.41,1.6467
MESSAGEix-GLOBIOM_1.1,EN_NPi2020_700_COV,C2,2070.0,637.56,1045.17,1.6393
MESSAGEix-GLOBIOM_1.1,EN_NPi2020_700f,C2,2068.4,858.09,1282.88,1.495
MESSAGEix-GLOBIOM_1.1,EN_NPi2020_700f_COV,C2,2069.5,844.17,1278.47,1.5145
MESSAGEix-GLOBIOM_1.1,NGFS2_Divergent Net Zero Policies,C1,2074.3,491.31,909.79,1.8518
MESSAGEix-GLOBIOM_1.1,NGFS2_Net-Zero 2050,C1,2060.0,523.1,854.28,1.6331
MESSAGEix-GLOBIOM_1.2,COV_NoPolicyNoCOVID_550,C1,2055.0,447.54,739.49,1.6523
MESSAGEix-GLOBIOM_1.2,COV_Restore_550,C1,2055.0,454.16,746.87,1.6445
MESSAGEix-GLOBIOM_1.2,COV_SelfReliance_550,C1,2055.0,456.15,749.69,1.6435
MESSAGEix-GLOBIOM_1.2,COV_SmartUse_550,C1,2055.0,454.74,746.54,1.6417
MESSAGEix-GLOBIOM_GEI 1.0,SSP2_int_mc_50,C2,2059.3,866.77,1276.28,1.4725
MESSAGEix-GLOBIOM_GEI 1.0,SSP2_noint_mc_50,C2,2059.3,870.66,1281.09,1.4714
MESSAGEix-GLOBIOM_GEI 1.0,SSP2_openres_lc_100,C2,2055.4,726.77,1084.96,1.4929
MESSAGEix-GLOBIOM_GEI 1.0,SSP2_openres_lc_120,C2,2054.6,699.99,1050.05,1.5001
MESSAGEix-GLOBIOM_GEI 1.0,SSP2_openres_lc_80,C2,2056.7,758.52,1132.31,1.4928
MESSAGEix-GLOBIOM_GEI 1.0,SSP2_openres_lc_CB400,C2,2051.9,611.23,926.34,1.5155
MESSAGEix-GLOBIOM_GEI 1.0,SSP2_openres_lc_CB450,C2,2052.1,618.56,936.82,1.5145
MESSAGEix-GLOBIOM_GEI 1.0,SSP2_openres_lc_CB500,C2,2052.4,626.29,948.65,1.5147
MESSAGEix-GLOBIOM_GEI 1.0,SSP2_openres_lc_CB550,C2,2052.7,633.85,959.01,1.513
MESSAGEix-GLOBIOM_GEI 1.0,SSP2_openres_lc_CB600,C2,2052.9,641.4,970.25,1.5127
MESSAGEix-GLOBIOM_GEI 1.0,SSP2_openres_mc_50,C2,2059.1,857.8,1264.01,1.4735
POLES EMF30,EMF30_Slower-to-faster,C2,2058.7,801.84,1094.56,1.3651
POLES EMF33,EMF33_WB2C_cost100,C1,2064.2,674.07,857.25,1.2718
POLES EMF33,EMF33_WB2C_full,C1,2064.4,685.2,871.89,1.2725
POLES EMF33,EMF33_WB2C_nofuel,C1,2064.2,661.53,837.84,1.2665
POLES ENGAGE,EN_INDCi2030_300f,C2,2060.4,766.34,1107.88,1.4457
POLES ENGAGE,EN_INDCi2030_400f,C2,2061.5,780.43,1128.15,1.4455
POLES ENGAGE,EN_NPi2020_300f,C2,2059.4,619.42,927.6,1.4975
POLES ENGAGE,EN_NPi2020_400f,C2,2061.2,652.65,972.73,1.4904
POLES GECO2019,CO_Bridge,C2,2059.8,894.34,1200.72,1.3426
REMIND 1.7,CEMICS-1.5-CDR12,C1,2042.3,454.74,709.03,1.5592
REMIND 1.7,CEMICS-1.5-CDR20,C1,2051.2,619.91,967.01,1.5599
REMIND 1.7,CEMICS-1.5-CDR8,C1,2037.5,364.82,569.14,1.5601
REMIND 1.7,CEMICS-2.0-CDR12,C2,2063.2,806.98,1274.25,1.579
REMIND 1.7,CEMICS-2.0-CDR20,C2,2065.5,961.26,1463.49,1.5225
REMIND 1.7,CEMICS-2.0-CDR8,C1,2068.5,710.41,1214.87,1.7101
REMIND 2.1,CEMICS_GDPgrowth_1p5,C1,2052.6,535.59,877.56,1.6385
REMIND 2.1,CEMICS_HotellingConst_1p5,C1,2048.7,535.64,846.61,1.5806
REMIND 2.1,CEMICS_Linear_1p5,C1,2051.1,533.65,864.56,1.6201
REMIND 2.1,CEMICS_opt_1p5,C1,2055.0,533.54,901.19,1.6891
REMIND 2.1,LeastTotalCost_LTC_brkLR15_SSP1_P50,C1,2066.7,698.52,1113.72,1.5944
REMIND 2.1,LeastTotalCost_LTC_brkSR15_SSP1_P50,C2,2078.7,937.82,1459.05,1.5558
REMIND 2.1,R2p1_SSP1-PkBudg1100,C2,2067.3,735.65,1151.61,1.5654
REMIND 2.1,R2p1_SSP1-PkBudg1300,C2,2079.7,934.64,1440.52,1.5413
REMIND 2.1,R2p1_SSP1-PkBudg900,C1,2053.8,534.62,849.27,1.5885
REMIND 2.1,R2p1_SSP2-PkBudg900,C1,2052.6,534.54,870.45,1.6284
REMIND 2.1,R2p1_SSP5-PkBudg1100,C2,2062.4,733.7,1146.27,1.5623
REMIND 2.1,R2p1_SSP5-PkBudg900,C1,2048.0,536.77,821.27,1.53
REMIND-Buildings 2.0,BEG-Budg600,C2,2053.4,640.06,1068.1,1.6687
REMIND-Buildings 2.0,BEG-Budg600-EG,C2,2053.6,628.79,1057.78,1.6822
REMIND-MAgPIE 1.5,SSP1-19,C2,2053.7,629.02,967.15,1.5376
REMIND-MAgPIE 1.5,SSP2-19,C1,2045.4,589.19,863.07,1.4648
REMIND-MAgPIE 1.5,SSP5-19,C2,2050.9,804.43,1146.0,1.4246
REMIND-MAgPIE 1.7-3.0,CD-LINKS_INDC2030i_1000,C2,2058.1,959.02,1368.11,1.4266
REMIND-MAgPIE 1.7-3.0,CD-LINKS_INDC2030i_400,C2,2048.0,790.45,1109.0,1.403
REMIND-MAgPIE 1.7-3.0,CD-LINKS_NPi2020_1000,C2,2064.0,808.46,1238.84,1.5323
REMIND-MAgPIE 1.7-3.0,CD-LINKS_NPi2020_400,C1,2050.1,551.47,850.19,1.5417
REMIND-MAgPIE 1.7-3.0,CO_2Deg2020,C2,2063.5,811.29,1282.76,1.5811
REMIND-MAgPIE 1.7-3.0,CO_2Deg2030,C2,2057.2,996.28,1454.37,1.4598
REMIND-MAgPIE 1.7-3.0,CO_Bridge,C2,2059.2,924.21,1334.32,1.4437
REMIND-MAgPIE 1.7-3.0,EMF33_1.5C_cost100,C2,2054.0,693.88,1011.62,1.4579
REMIND-MAgPIE 1.7-3.0,EMF33_1.5C_full,C2,2053.1,687.24,1003.8,1.4606
REMIND-MAgPIE 1.7-3.0,EMF33_1.5C_nofuel,C1,2049.5,598.39,880.54,1.4715
REMIND-MAgPIE 1.7-3.0,PEP_1p5C_full_NDC,C2,2048.1,861.87,1195.24,1.3868
REMIND-MAgPIE 1.7-3.0,PEP_1p5C_full_eff,C1,2049.7,601.18,902.62,1.5014
REMIND-MAgPIE 1.7-3.0,PEP_1p5C_full_goodpractice,C2,2048.8,786.52,1106.4,1.4067
REMIND-MAgPIE 1.7-3.0,PEP_1p5C_full_netzero,C2,2049.5,741.09,1065.36,1.4376
REMIND-MAgPIE 1.7-3.0,PEP_1p5C_red_eff,C1,2038.6,368.28,560.09,1.5208
REMIND-MAgPIE 1.7-3.0,PEP_2C_full_NDC,C2,2057.5,1036.16,1456.69,1.4059
REMIND-MAgPIE 1.7-3.0,PEP_2C_full_eff,C2,2064.0,848.19,1286.86,1.5172
REMIND-MAgPIE 1.7-3.0,PEP_2C_full_goodpractice,C2,2059.6,958.17,1375.6,1.4357
REMIND-MAgPIE 1.7-3.0,PEP_2C_full_netzero,C2,2061.1,898.02,1325.73,1.4763
REMIND-MAgPIE 1.7-3.0,PEP_2C_red_NDC,C2,2049.8,860.51,1203.82,1.399
REMIND-MAgPIE 1.7-3.0,PEP_2C_red_eff,C1,2062.5,653.77,1056.84,1.6165
REMIND-MAgPIE 1.7-3.0,PEP_2C_red_goodpractice,C2,2051.9,790.66,1131.76,1.4314
REMIND-MAgPIE 1.7-3.0,PEP_2C_red_netzero,C2,2053.5,749.73,1101.28,1.4689
REMIND-MAgPIE 1.7-3.0,SMP_2C_lifesty,C1,2065.5,791.95,1218.69,1.5388
REMIND-MAgPIE 2.1-4.2,CEMICS_SSP1-1p5C-fullCDR,C1,2054.4,536.39,859.56,1.6025
REMIND-MAgPIE 2.1-4.2,CEMICS_SSP1-1p5C-minCDR,C1,2075.3,536.59,982.08,1.8302
REMIND-MAgPIE 2.1-4.2,CEMICS_SSP2-1p5C-fullCDR,C1,2053.0,530.83,873.34,1.6452
REMIND-MAgPIE 2.1-4.2,EN_INDCi2030_300f,C2,2054.4,765.85,1163.41,1.5191
REMIND-MAgPIE 2.1-4.2,EN_INDCi2030_400f,C2,2056.2,793.97,1207.52,1.5209
REMIND-MAgPIE 2.1-4.2,EN_INDCi2030_500f,C2,2058.5,817.88,1252.4,1.5313
REMIND-MAgPIE 2.1-4.2,EN_INDCi2030_600_COV,C2,2044.9,555.16,861.46,1.5517
REMIND-MAgPIE 2.1-4.2,EN_INDCi2030_600_COV_NDCp,C2,2045.4,556.44,866.11,1.5565
REMIND-MAgPIE 2.1-4.2,EN_INDCi2030_600f,C2,2061.2,832.62,1291.93,1.5516
REMIND-MAgPIE 2.1-4.2,EN_INDCi2030_600f_COV,C2,2062.7,788.57,1259.01,1.5966
REMIND-MAgPIE 2.1-4.2,EN_INDCi2030_600f_COV_NDCp,C2,2063.1,781.63,1254.15,1.6045
REMIND-MAgPIE 2.1-4.2,EN_INDCi2030_600f_NDCp,C2,2061.4,825.95,1286.27,1.5573
REMIND-MAgPIE 2.1-4.2,EN_NPi2020_200f,C1,2056.3,553.13,919.13,1.6617
REMIND-MAgPIE 2.1-4.2,EN_NPi2020_300f,C1,2058.5,579.24,965.67,1.6671
REMIND-MAgPIE 2.1-4.2,EN_NPi2020_400,C1,2046.3,350.33,618.17,1.7645
REMIND-MAgPIE 2.1-4.2,EN_NPi2020_400f,C1,2061.0,612.79,1022.86,1.6692
REMIND-MAgPIE 2.1-4.2,EN_NPi2020_500,C1,2066.4,446.93,898.79,2.011
REMIND-MAgPIE 2.1-4.2,EN_NPi2020_500f,C2,2064.5,640.66,1082.81,1.6901
REMIND-MAgPIE 2.1-4.2,EN_NPi2020_600,C1,2063.2,547.56,974.3,1.7793
REMIND-MAgPIE 2.1-4.2,EN_NPi2020_600_COV,C1,2064.4,553.81,990.56,1.7886
REMIND-MAgPIE 2.1-4.2,EN_NPi2020_600f,C2,2068.1,684.68,1160.77,1.6953
REMIND-MAgPIE 2.1-4.2,EN_NPi2020_600f_COV,C1,2066.8,676.96,1142.25,1.6873
REMIND-MAgPIE 2.1-4.2,NGFS2_Divergent Net Zero Policies,C1,2054.5,463.12,811.48,1.7522
REMIND-MAgPIE 2.1-4.2,NGFS2_Net-Zero 2050,C1,2053.2,464.25,801.64,1.7267
REMIND-MAgPIE 2.1-4.2,NGFS2_Net-Zero 2050 - IPD-95th,C1,2052.3,443.73,765.86,1.726
REMIND-MAgPIE 2.1-4.2,NGFS2_Net-Zero 2050 - IPD-median,C1,2052.0,443.84,763.78,1.7208
REMIND-MAgPIE 2.1-4.2,SusDev_SDP-PkBudg1000,C1,2068.1,637.64,943.91,1.4803
REMIND-MAgPIE 2.1-4.2,SusDev_SSP1-PkBudg900,C1,2054.6,537.32,859.37,1.5994
REMIND-MAgPIE 2.1-4.2,SusDev_SSP2-PkBudg900,C1,2053.1,535.32,877.12,1.6385
REMIND-MAgPIE 2.1-4.3,DeepElec_SSP2_ HighRE_Budg900,C1,2059.7,515.95,912.75,1.7691
REMIND-MAgPIE 2.1-4.3,DeepElec_SSP2_def_Budg1100,C2,2060.0,714.01,1143.47,1.6015
REMIND-MAgPIE 2.1-4.3,DeepElec_SSP2_def_Budg900,C1,2048.0,519.04,822.09,1.5839
WITCH 5.0,EN_INDCi2030_500f,C2,2056.7,665.68,951.98,1.4301
WITCH 5.0,EN_NPi2020_400f,C1,2060.6,503.99,755.75,1.4995
WITCH 5.0,EN_NPi2020_450,C1,2048.7,333.45,517.59,1.5522
WITCH 5.0,EN_NPi2020_450f,C1,2062.4,528.63,791.33,1.4969
WITCH 5.0,EN_NPi2020_500,C1,2052.8,380.96,588.0,1.5435
WITCH 5.0,EN_NPi2020_500f,C1,2064.1,556.33,829.29,1.4906
WITCH-GLOBIOM 3.1,SSP1-19,C1,2058.2,394.68,697.3,1.7667
WITCH-GLOBIOM 3.1,SSP4-19,C1,2059.6,457.57,774.97,1.6937
WITCH-GLOBIOM 4.4,CD-LINKS_NDC2030i_1000,C2,2065.1,833.36,1167.45,1.4009
WITCH-GLOBIOM 4.4,CD-LINKS_NPi2020_1000,C1,2074.9,715.99,1044.84,1.4593
WITCH-GLOBIOM 4.4,CD-LINKS_NPi2020_400,C1,2053.8,425.78,635.05,1.4915
